Aaron,Ahl,aaron.ahl@customer.com,123456
Adam,Absalom,adam.absalom@customer.com,123456
Alexander,Amsler,alexander.amsler@customer.com,123456
Alicia,Anschel,alicia.anschel@customer.com,123456
Allison,Anzieher,allison.anzieher@customer.com,123456
Amanda,Abelson,amanda.abelson@customer.com,123456
Amber,Adler,amber.adler@customer.com,123456
Amy,Agosi,amy.agosi@customer.com,123456
Andrea,Altmann,andrea.altmann@customer.com,123456
Andrew,Fuller,andrew.fuller@customer.com,123456
Andrew,Abil,andrew.abil@customer.com,123456
Angela,Alpron,angela.alpron@customer.com,123456
Anne,Dodsworth,anne.dodsworth@customer.com,123456
Anthony,Abramsohn,anthony.abramsohn@customer.com,123456
Ashley,Aaronstein,ashley.aaronstein@customer.com,123456
Benjamin,Ahavah,benjamin.ahavah@customer.com,123456
Bradley,Apel,bradley.apel@customer.com,123456
Brandon,Abraham,brandon.abraham@customer.com,123456
Brian,Abramowitz,brian.abramowitz@customer.com,123456
Brittany,Admon,brittany.admon@customer.com,123456
Bryan,Amdursky,bryan.amdursky@customer.com,123456
Charles,Ahuvah,charles.ahuvah@customer.com,123456
Christina,Adele,christina.adele@customer.com,123456
Christine,Ansbach,christine.ansbach@customer.com,123456
Christopher,Aaronin,christopher.aaronin@customer.com,123456
Cody,Antman,cody.antman@customer.com,123456
Courtney,Anixter,courtney.anixter@customer.com,123456
Crystal,Agozi,crystal.agozi@customer.com,123456
Daniel,Abendana,daniel.abendana@customer.com,123456
Danielle,Adolescenti,danielle.adolescenti@customer.com,123456
David,Aberke,david.aberke@customer.com,123456
Dustin,Alpern,dustin.alpern@customer.com,123456
Elizabeth,Abravaneln,elizabeth.abravaneln@customer.com,123456
Emily,Ahitov,emily.ahitov@customer.com,123456
Eric,Abravanel,eric.abravanel@customer.com,123456
Erica,Altschul,erica.altschul@customer.com,123456
Erin,Alembik,erin.alembik@customer.com,123456
Gregory,Altneu,gregory.altneu@customer.com,123456
Heather,Abramson,heather.abramson@customer.com,123456
Jacob,Akashia,jacob.akashia@customer.com,123456
James,Aberl,james.aberl@customer.com,123456
Jamie,Algus,jamie.algus@customer.com,123456
Janet,Leverling,janet.leverling@customer.com,123456
Jason,Abrahm,jason.abrahm@customer.com,123456
Jeffrey,Afrom,jeffrey.afrom@customer.com,123456
Jennifer,Abba,jennifer.abba@customer.com,123456
Jeremy,Agronsky,jeremy.agronsky@customer.com,123456
Jesse,Amster,jesse.amster@customer.com,123456
Jessica,Aaronsen,jessica.aaronsen@customer.com,123456
John,Aberlieb,john.aberlieb@customer.com,123456
Jonathan,Abramin,jonathan.abramin@customer.com,123456
Jose,Amsle,jose.amsle@customer.com,123456
Joseph,Aberzuss,joseph.aberzuss@customer.com,123456
Joshua,Abel,joshua.abel@customer.com,123456
Justin,Abrahmsohn,justin.abrahmsohn@customer.com,123456
Katherine,Altfeld,katherine.altfeld@customer.com,123456
Katie,Anastasios,katie.anastasios@customer.com,123456
Kelly,Aliyah,kelly.aliyah@customer.com,123456
Kenneth,Amdur,kenneth.amdur@customer.com,123456
Kevin,Abzug,kevin.abzug@customer.com,123456
Kimberly,Africk,kimberly.africk@customer.com,123456
Kristen,Amsel,kristen.amsel@customer.com,123456
Kyle,Adelman,kyle.adelman@customer.com,123456
Laura,Callahan,laura.callahan@customer.com,123456
Laura,Adelstein,laura.adelstein@customer.com,123456
Lauren,Ader,lauren.ader@customer.com,123456
Lindsay,Anav,lindsay.anav@customer.com,123456
Lindsey,Amschel,lindsey.amschel@customer.com,123456
Lisa,Am,lisa.am@customer.com,123456
Margaret,Peacock,margaret.peacock@customer.com,123456
Mark,Ahikam,mark.ahikam@customer.com,123456
Mary,Altschuler,mary.altschuler@customer.com,123456
Matthew,Aaronson,matthew.aaronson@customer.com,123456
Megan,Abudraham,megan.abudraham@customer.com,123456
Melissa,Abulafia,melissa.abulafia@customer.com,123456
Michael,Suyama,michael.suyama@customer.com,123456
Michael,Aaron,michael.aaron@customer.com,123456
Michelle,Agranat,michelle.agranat@customer.com,123456
Nancy,Davolio,nancy.davolio@customer.com,123456
Nathan,Alkus,nathan.alkus@customer.com,123456
Nicholas,Abramsky,nicholas.abramsky@customer.com,123456
Nicole,Abrams,nicole.abrams@customer.com,123456
Patrick,Album,patrick.album@customer.com,123456
Paul,Alpert,paul.alpert@customer.com,123456
Rachel,Adelson,rachel.adelson@customer.com,123456
Rebecca,Akabiah,rebecca.akabiah@customer.com,123456
Richard,Adonoilom,richard.adonoilom@customer.com,123456
Robert,King,robert.king@customer.com,123456
Robert,Aberlein,robert.aberlein@customer.com,123456
Ryan,Abrabanel,ryan.abrabanel@customer.com,123456
Samantha,Alizah,samantha.alizah@customer.com,123456
Sara,Alper,sara.alper@customer.com,123456
Sarah,Abram,sarah.abram@customer.com,123456
Scott,Alterman,scott.alterman@customer.com,123456
Sean,Alcalay,sean.alcalay@customer.com,123456
Shannon,Ancier,shannon.ancier@customer.com,123456
Stephanie,Abramov,stephanie.abramov@customer.com,123456
Stephen,Akiba,stephen.akiba@customer.com,123456
Steven,Buchanan,steven.buchanan@customer.com,123456
Steven,Achselrad,steven.achselrad@customer.com,123456
Thomas,Ackerman,thomas.ackerman@customer.com,123456
Tiffany,Agron,tiffany.agron@customer.com,123456
Timothy,Acosta,timothy.acosta@customer.com,123456
Travis,Altshule,travis.altshule@customer.com,123456
Tyler,Alter,tyler.alter@customer.com,123456
Vanessa,Andrussier,vanessa.andrussier@customer.com,123456
William,Abrami,william.abrami@customer.com,123456
Zachary,Alfandari,zachary.alfandari@customer.com,123456